Name,Email,Address,phone number,comments
Corey Parrish,melanie63@yahoo.com,"Unit 8990 Box 3577
DPO AE 26324",+1-658-911-5404,-
Michael Thompson,ostevenson@hotmail.com,"424 Clarke Streets
Ryanfurt, SD 05616",001-923-132-8574,-
Joshua Guzman,anita78@gmail.com,"043 Fields Coves Apt. 573
New Chris, IA 01360",603-483-6268,-
Randy Lopez,fphillips@gmail.com,"43877 Whitney Point
Millershire, LA 79835",879.253.0389x78963,-
Elizabeth Lopez,marywilliamson@hotmail.com,"33852 Khan Corners
Lisastad, RI 19252",(454)223-9039x494,-
Eric Key,robert31@gmail.com,"57386 Mitchell Plains
Lake Dan, NH 35677",372.631.3724x174,-
Andre Morgan,vchapman@hotmail.com,"33979 Smith Gateway Apt. 847
New Danielchester, NH 12241",1944405517,-
Eric Reyes,qflowers@hotmail.com,"127 Micheal Roads
Marymouth, VT 70239",(690)950-1898,-
Victor Sanders,michelekelly@gmail.com,"PSC 7726, Box 3484
APO AA 21085",001-919-033-8032x2657,-
Nancy Smith,kara37@gmail.com,"54539 Emily Alley
Amandaside, NY 19058",001-323-983-3223,-
